Manufacturer,NHTSACampaignNumber,parkIt,parkOutSide,overTheAirUpdate,ReportReceivedDate,Component,Summary,Consequence,Remedy,Notes,ModelYear,Make,Model,query_model,query_year,NHTSAActionNumber
"Tesla, Inc.",22V037000,False,False,True,27/01/2022,ELECTRICAL SYSTEM:ADAS:AUTONOMOUS/SELF DRIVING:SOFTWARE,"Tesla, Inc. (Tesla) is recalling certain 2016-2022 Model S and Model X, 2017-2022 Model 3, and 2020-2022 Model Y vehicles.  The ""rolling stop"" functionality available as part of the Full Self-Driving (Beta) software may allow the vehicle to travel through an all-way stop intersection without first coming to a stop.",Failing to stop at a stop sign can increase the risk of a crash.,"Tesla will perform an over-the-air (OTA) software update that disables the ""rolling stop"" functionality, free of charge.  Owner notification letters were mailed March 28, 2022.  Owners may contact Tesla customer service at 1-877-798-3752.  Tesla's number for this recall is SB-22-00-001.","Owners may also contact the National Highway Traffic Safety Administration Vehicle Safety Hotline at 1-888-327-4236 (TTY 1-800-424-9153), or go to www.nhtsa.gov.",2017,TESLA,MODEL 3,MODEL 3,2017,
"Tesla, Inc.",22V045000,False,False,True,01/02/2022,ELECTRICAL SYSTEM:SOFTWARE,"Tesla, Inc. (Tesla) is recalling certain 2021-2022 Model S and Model X, 2017-2022 Model 3, and 2020-2022 Model Y vehicles.  The audible chime may not activate when the vehicle starts and the driver has not buckled their seat belt.  As such, these vehicles fail to comply with the requirements of Federal Motor Vehicle Safety Standard number 208, ""Occupant Crash Protection.""","The driver may be unaware that their seat belt is not fastened, increasing the risk of injury during a crash.","Tesla will perform an over-the-air (OTA) software update, free of charge.  Owner notification letters were mailed April 1, 2022.  Owners may contact Tesla customer service at 1-877-798-3752.  Tesla's number for this recall is SB-22-00-002.","Owners may also contact the National Highway Traffic Safety Administration Vehicle Safety Hotline at 1-888-327-4236 (TTY 1-800-424-9153), or go to www.nhtsa.gov.",2017,TESLA,MODEL 3,MODEL 3,2017,
"Tesla, Inc.",21V00D000,False,False,False,21/12/2021,ELECTRICAL SYSTEM:WIRING: REAR COMPARTMENT/TRUNK,"Tesla, Inc. (Tesla) is recalling all 2017-2020 Model 3 vehicles.  The rearview camera cable harness may be damaged by the opening and closing of the trunk lid, preventing the rearview camera image from displaying.","A rearview camera that does not function reduces the driver's rear view, increasing the risk of a crash.","Tesla Service will inspect and install a guide protector and new cable harness as necessary, free of charge.  Owner notification letters were mailed April 24, 2022.  Owners may contact Tesla customer service at 1-877-798-3752.  Tesla's number for this recall is SB-21-17-008.","Owners may also contact the National Highway Traffic Safety Administration Vehicle Safety Hotline at 1-888-327-4236 (TTY 1-800-424-9153), or go to www.nhtsa.gov.",2017,TESLA,MODEL 3,MODEL 3,2017,
"Tesla, Inc.",21V846000,False,False,True,29/10/2021,FORWARD COLLISION AVOIDANCE: SENSING SYSTEM: CAMERA,"Tesla, Inc. (Tesla) is recalling certain 2017-2021 Model S, Model 3, Model X, and 2020-2021 Model Y vehicles operating software version 2021.36.5.2.  A communication error may cause false forward-collision warning (FCW) or unexpected activation of the automatic emergency brake (AEB) system.","Unexpected activation of the AEB system may cause the car to stop suddenly, increasing the risk of a crash.","Tesla Service has released an over-the-air (OTA) software update, free of charge.  The recall began October 25, 2021.  Owners may contact Tesla customer service at 1-877-798-3752.  Tesla's number for this recall is SB-21-00-004.","Owners may also contact the National Highway Traffic Safety Administration Vehicle Safety Hotline at 1-888-327-4236 (TTY 1-800-424-9153), or go to www.nhtsa.gov.",2017,TESLA,MODEL 3,MODEL 3,2017,
"Tesla, Inc.",22V063000,False,False,True,04/02/2022,ELECTRICAL SYSTEM:SOFTWARE,"Tesla, Inc. (Tesla) is recalling certain 2020-2022 Model S, Model X, Model Y, and 2017-2022 Model 3 vehicles.  The Boombox function allows sounds to be played through an external speaker while the vehicle is in motion, which may obscure the Pedestrian Warning System (PWS) sounds.  As such, these vehicles fail to comply with the requirements of Federal Motor Vehicle Safety Standard number 141, ""Minimum Sound Requirements for Hybrid and Electric Vehicles.""","Pedestrians may be unaware of an approaching vehicle if the PWS sounds are obscured, increasing the risk of a crash.","Tesla will perform an over-the-air (OTA) software update that will disable the Boombox functionality when the vehicle is in Drive, Neutral and Reverse modes, free of charge.  Owner notification letters are expected to be mailed April 5, 2022.  Owners may contact Tesla customer service at 1-877-798-3752.  Tesla's number for this recall is SB-22-00-003.  Note: This recall has been superseded by Recall 22V-235.  Tesla's number for the new recall is SB-22-00-003.","Owners may also contact the National Highway Traffic Safety Administration Vehicle Safety Hotline at 1-888-327-4236 (TTY 1-800-424-9153), or go to www.nhtsa.gov.",2017,TESLA,MODEL 3,MODEL 3,2017,DP22005
"Tesla, Inc.",22V169000,False,False,True,18/03/2022,BACK OVER PREVENTION:DISPLAY FUNCTION,"Tesla, Inc. (Tesla) is recalling certain 2018-2019 Model S, Model X, and 2017-2020 Model 3 vehicles equipped with Autopilot Computer 2.5 and operating certain firmware releases.  The rearview image may not immediately display when the vehicle begins to reverse.  As such, these vehicles fail to comply with the requirements of Federal Motor Vehicle Safety Standard number 111, ""Rear Visibility.""","A delayed rearview camera image reduces the driver's rear view, increasing the risk of a crash.","Tesla will perform an over-the-air (OTA) software update, free of charge.  Owner notification letters were mailed May 17, 2022.  Owners may contact Tesla customer service at 1-877-798-3752.  Tesla's number for this recall is SB-22-00-004.","Owners may also contact the National Highway Traffic Safety Administration Vehicle Safety Hotline at 1-888-327-4236 (TTY 1-800-424-9153), or go to www.nhtsa.gov.",2017,TESLA,MODEL 3,MODEL 3,2017,
"Tesla, Inc.",22V235000,False,False,True,12/04/2022,ELECTRICAL SYSTEM:SOFTWARE,"Tesla, Inc. (Tesla) is recalling certain 2020-2022 Model Y, Model X, Model S, and 2017-2022 Model 3 vehicles.  The Boombox function allows sounds to be played through an external speaker while the vehicle is in motion, which may obscure the Pedestrian Warning System (PWS) sounds.  As such, these vehicles fail to comply with the requirements of Federal Motor Vehicle Safety Standard number 141, ""Minimum Sound Requirements for Hybrid and Electric Vehicles.""","Pedestrians may be unaware of an approaching vehicle if the PWS sounds are obscured, increasing the risk of a crash.","Tesla will perform an over-the-air (OTA) software update that will disable the Boombox functionality when the vehicle is in Drive, Neutral and Reverse modes, including Summon and Smart Summon, free of charge.  Owner notification letters were mailed June 6, 2022.  Owners may contact Tesla customer service at 1-877-798-3752.  Tesla's number for this recall is SB-22-00-003.  Note: This recall supersedes recall 22V-063.  Vehicles configured with Summon or Smart Summon and already remedied under 22V-063 will need to have the new remedy software installed.","Owners may also contact the National Highway Traffic Safety Administration Vehicle Safety Hotline at 1-888-327-4236 (TTY 1-800-424-9153), or go to www.nhtsa.gov.",2017,TESLA,MODEL 3,MODEL 3,2017,
"Tesla, Inc.",22V702000,False,False,True,19/09/2022,VISIBILITY:POWER WINDOW DEVICES AND CONTROLS,"Tesla, Inc. (Tesla) is recalling certain 2017-2022 Model 3, 2020-2022 Model Y, and 2021-2022 Model S and Model X vehicles.  The window automatic reversal system may not react correctly after detecting an obstruction.  As such, these vehicles fail to comply with the requirements of Federal Motor Vehicle Safety Standard number 118, ""Power-Operated Window Systems.""","A closing window may exert excessive force by pinching a driver or passenger before retracting, increasing the risk of injury.","Tesla will perform an over-the-air (OTA) software update of the automatic window reversal system, free of charge.  Owner notification letters were mailed March 31, 2032.  Owners may contact Tesla customer service at 1-877-798-3752.  Tesla's number for this recall is SB-22-00-013.","Owners may also contact the National Highway Traffic Safety Administration Vehicle Safety Hotline at 1-888-327-4236 (TTY 1-800-424-9153), or go to www.nhtsa.gov.",2017,TESLA,MODEL 3,MODEL 3,2017,
"Tesla, Inc.",22V798000,False,False,False,21/10/2022,SEAT BELTS:REAR/OTHER:ANCHORAGE,"Tesla, Inc. (Tesla) is recalling certain 2017-2022 Model 3 vehicles.  The second-row left seat belt buckle and second-row center seat
belt anchor may have been incorrectly reassembled during vehicle service.","An incorrectly reassembled seat belt anchor can impair the performance of the seat belt during a crash, increasing the risk of injury.","Tesla Service will inspect and reassemble the seat belt anchors as necessary, free of charge.  Owner notification letters were mailed December 20, 2022.  Owners may contact Tesla customer service at 1-877-798-3752.  Tesla's number for this recall is SB-22-20-004.","Owners may also contact the National Highway Traffic Safety Administration Vehicle Safety Hotline at 1-888-327-4236 (TTY 1-800-424-9153), or go to www.nhtsa.gov.",2017,TESLA,MODEL 3,MODEL 3,2017,
"Tesla, Inc.",23V085000,False,False,True,15/02/2023,STEERING:AUTOMATED/ADAPTIVE STEERING,"Tesla, Inc. (Tesla) is recalling certain 2016-2023 Model S, Model X, 2017-2023 Model 3, and 2020-2023 Model Y vehicles equipped with Full Self-Driving Beta (FSD Beta) software or pending installation.  The FSD Beta system may allow the vehicle to act unsafe around intersections, such as traveling straight through an intersection while in a turn-only lane, entering a stop sign-controlled intersection without coming to a complete stop, or proceeding into an intersection during a steady yellow traffic signal without due caution. In addition, the system may respond insufficiently to changes in posted speed limits or not adequately account for the driver's adjustment of the vehicle's speed to exceed posted speed limits.",FSD Beta software that allows a vehicle to exceed speed limits or travel through intersections in an unlawful or unpredictable manner increases the risk of a crash.,"Tesla will release an over-the-air (OTA) software update, free of charge.  Owner notification letters were mailed April 15, 2023.  Owners may contact Tesla customer service at 1-877-798-3752.  Tesla's number for this recall is SB-23-00-001.","Owners may also contact the National Highway Traffic Safety Administration Vehicle Safety Hotline at 1-888-327-4236 (TTY 1-800-424-9153), or go to www.nhtsa.gov.",2017,TESLA,MODEL 3,MODEL 3,2017,EA22002
"Tesla, Inc.",23V838000,False,False,True,12/12/2023,ELECTRICAL SYSTEM:ADAS:AUTONOMOUS/SELF DRIVING:SOFTWARE,"Tesla, Inc. (Tesla) is recalling 2012-2023 Model S, 2016-2023 Model X, 2017-2023 Model 3, and 2020-2023 Model Y vehicles equipped with all versions of Autosteer leading up to the version(s) that contains the recall remedy.  In certain circumstances when Autosteer is engaged, the prominence and scope of the feature's controls may not be sufficient to prevent driver misuse of the SAE Level 2 advanced driver-assistance feature.","In certain circumstances when Autosteer is engaged, and the driver does not maintain responsibility for vehicle operation and is unprepared to intervene as necessary or fails to recognize when Autosteer is canceled or not engaged, there may be an increased risk of a crash.","Tesla will release an over-the-air (OTA) software update, free of charge.  Owner notification letters were mailed February 10, 2024.  Owners may contact Tesla customer service at 1-877-798-3752.  Tesla's number for this recall is SB-23-00-008.","Owners may also contact the National Highway Traffic Safety Administration Vehicle Safety Hotline at 1-888-327-4236 (TTY 1-800-424-9153), or go to www.nhtsa.gov.",2017,TESLA,MODEL 3,MODEL 3,2017,EA22002
"Tesla, Inc.",24V051000,False,False,True,30/01/2024,ELECTRICAL SYSTEM: INSTRUMENT CLUSTER/PANEL,"Tesla, Inc. (Tesla) is recalling certain 2012-2023 Model S, 2016-2024 Model X, 2017-2023 Model 3, 2019-2024 Model Y, and 2024 Cybertruck vehicles.  An incorrect font size is displayed on the instrument panel for the Brake, Park, and Antilock Brake System (ABS) warning lights.  As such, these vehicles fail to comply with the requirements of Federal Motor Vehicle Safety Standard number 105, ""Hydraulic and Electric Brake Systems"" and 135, ""Light Vehicle Brake Systems.""","Warning lights with a smaller font size can make critical safety information on the instrument panel difficult to read, increasing the risk of a crash.","Tesla began releasing an over-the-air (OTA) software update, free of charge.  Owners may contact Tesla customer service at 1-877-798-3752.  Tesla's number for this recall is SB-24-00-003.","Owners may also contact the National Highway Traffic Safety Administration Vehicle Safety Hotline at 1-888-327-4236 (TTY 1-800-424-9153), or go to www.nhtsa.gov.",2017,TESLA,MODEL 3,MODEL 3,2017,
"Tesla, Inc.",24V376000,False,False,True,28/05/2024,SEAT BELTS:FRONT:WARNING LIGHT/DEVICES,"Tesla, Inc. (Tesla) is recalling certain 2012-2024 Model S, 2015-2024 Model X, 2017-2023 Model 3, and 2020-2023 Model Y vehicles.  In the event of an unbelted driver, the seat belt warning light and audible chime may not activate as intended.  As such, these vehicles fail to comply with the requirements of Federal Motor Vehicle Safety Standard number 208, ""Occupant Crash Protection.""",A seat belt warning system that fails to alert occupants of an unbelted seat belt can increase the risk of injury during a crash.,"Tesla will release an over-the-air (OTA) software update.  Owner notification letters were mailed July 26, 2024.  Owners may contact Tesla customer service at 1-877-798-3752.  Tesla's number for this recall is SB-24-00-008.","Owners may also contact the National Highway Traffic Safety Administration Vehicle Safety Hotline at 1-888-327-4236 (TTY 1-800-424-9153), or go to www.nhtsa.gov.",2017,TESLA,MODEL 3,MODEL 3,2017,
"Tesla, Inc.",24V935000,False,False,True,17/12/2024,TIRES:PRESSURE MONITORING AND REGULATING SYSTEMS,"Tesla, Inc. (Tesla) is recalling certain 2024 Cybertruck, 2017-2025 Model 3, and 2020-2025 Model Y vehicles.  The tire pressure monitoring system (TPMS) warning light may not remain illuminated between drive cycles, failing to warn the driver of low tire pressure.  As such, these vehicles fail to comply with the requirements of Federal Motor Vehicle Safety Standard number 138, ""Tire Pressure Monitoring Systems.""",Driving with improperly inflated tires increases the risk of a crash.,"Tesla released an over-the-air (OTA) software update, free of charge.  Owner notification letters were mailed February 15, 2025.  Owners may contact Tesla customer service at 1-877-798-3752.  Tesla's number for this recall is SB-24-00-018.","Owners may also contact the National Highway Traffic Safety Administration Vehicle Safety Hotline at 1-888-327-4236 (TTY 1-800-424-9153), or go to www.nhtsa.gov.",2017,TESLA,MODEL 3,MODEL 3,2017,
"Tesla, Inc.",26V283000,False,False,False,05/05/2026,BACK OVER PREVENTION:SOFTWARE,"Tesla, Inc. (Tesla) is recalling certain 2017, 2021-2023 Model 3, 2020-2023 Model Y, 2021-2023 Model S, and Model X vehicles operating software version 2026.8.6. The rearview camera image may be delayed when the vehicle is placed in reverse. As such, these vehicles fail to comply with the requirements of Federal Motor Vehicle Safety Standard number 111, ""Rear Visibility.""","A delayed rearview image reduces the driver's view behind the vehicle, increasing the risk of a crash.","Tesla has released an over-the-air (OTA) software update, free of charge. Owner notification letters are expected to be mailed July 3, 2026. Owners may contact Tesla customer service at 1-877-798-3752. Tesla's number for this recall is SB-26-00-001.",,2017,TESLA,MODEL 3,MODEL 3,2017,
"Tesla, Inc.",21V389000,False,False,False,25/05/2021,SEAT BELTS,"Tesla, Inc. (Tesla) is recalling certain 2018-2020 Model 3 and 2019-2021 Model Y vehicles.  One or both fasteners that secure the front seat shoulder belt to the b-pillar may not be properly attached.","An improperly attached fastener may prevent the seat belt system from performing as designed, increasing the risk of injury.","Tesla Service will inspect and repair both fasteners if necessary, free of charge.  Owner notification letters were mailed July 23, 2021.  Owners may contact Tesla customer service online by visiting www.tesla.com/support/contact or by calling 1-877-79-TESLA (or 1-877-798-3752).  Tesla's number for this recall is SB-21-20-001.","Owners may also contact the National Highway Traffic Safety Administration Vehicle Safety Hotline at 1-888-327-4236 (TTY 1-800-424-9153), or go to www.safercar.gov.",2018,TESLA,MODEL 3,MODEL 3,2018,
"Tesla, Inc.",22V263000,False,False,True,18/04/2022,ELECTRICAL SYSTEM: INSTRUMENT CLUSTER/PANEL,"Tesla, Inc. (Tesla) is recalling certain 2018-2022 Model 3 Performance vehicles.  The unit of speed (mph or km/h) may fail to display on the speedometer while in Track Mode.  As such, these vehicles fail to comply with the requirements of Federal Motor Vehicle Safety Standard number 101, ""Control and Displays.""","The driver may not know how fast the vehicle is traveling without the mph or km/h unit display, increasing the risk of a crash.","Tesla will perform an over-the-air (OTA) software update, free of charge.  Owner notification letters were mailed June 17, 2022.  Owners may contact Tesla customer service at 1-877-798-3752.  Tesla's number for this recall is SB-22-00-008.","Owners may also contact the National Highway Traffic Safety Administration Vehicle Safety Hotline at 1-888-327-4236 (TTY 1-800-424-9153), or go to www.nhtsa.gov.",2018,TESLA,MODEL 3,MODEL 3,2018,
"Tesla, Inc.",23V235000,False,False,False,31/03/2023,SUSPENSION:FRONT,"Tesla, Inc. (Tesla) is recalling certain 2018-2019 Model 3 vehicles.  The front suspension lateral link fasteners may loosen, allowing the lateral link to separate from the sub-frame.","A lateral link separation could shift the wheel alignment, causing instability and increasing the risk of a crash.","Tesla Service will tighten or replace the lateral link fasteners as necessary, free of charge.  Owner notification letters were mailed May 30, 2023.  Owners may contact Tesla customer service at 1-877-798-3752.  Tesla's number for this recall is SB-23-31-001.  This recall is an expansion of previous recall number 21V-835.","Owners may also contact the National Highway Traffic Safety Administration Vehicle Safety Hotline at 1-888-327-4236 (TTY 1-800-424-9153), or go to www.nhtsa.gov.",2018,TESLA,MODEL 3,MODEL 3,2018,
"Tesla, Inc.",24V153000,False,False,True,27/02/2024,FORWARD COLLISION AVOIDANCE: WARNINGS:EXTERNAL/PEDESTRIAN ALERT,"Tesla, Inc. (Tesla) is recalling certain 2013, 2018-2021 Model S, 2020-2021 Model X, 2018-2022 Model 3, and 2020-2022 Model Y vehicles.  A factory reset muted the Pedestrian Warning System (PWS) sounds.  As such, these vehicles fail to comply with the requirements of Federal Motor Vehicle Safety Standard number 141, ""Minimum Sound Requirements for Hybrid and Electric Vehicles.""","Pedestrians may be unaware of an approaching vehicle if the PWS sounds are muted, increasing the risk of a crash.","Tesla released an over-the-air (OTA) software update, release 2023.44.30.14, free of charge.  Owner notification letters were mailed April 27, 2024.  Owners may contact Tesla customer service at 1-877-798-3752.  Tesla's number for this recall is SB-24-00-006.","Owners may also contact the National Highway Traffic Safety Administration Vehicle Safety Hotline at 1-888-327-4236 (TTY 1-800-424-9153), or go to www.nhtsa.gov.",2018,TESLA,MODEL 3,MODEL 3,2018,
"Tesla, Inc.",21V835000,False,False,False,25/10/2021,SUSPENSION:CRITICAL FASTENERS,"Tesla, Inc. (Tesla) is recalling certain 2020-2021 Model Y and 2019-2021 Model 3 vehicles.  The front suspension lateral link fasteners may loosen, allowing the lateral link to separate from the sub-frame.","A lateral link separation could shift the wheel alignment, causing instability and increasing the risk of a crash.","Tesla Service will tighten or replace the lateral link fasteners as necessary, free of charge.  Owner notification letters were mailed December 20, 2021.  Owners may contact Tesla customer service at 1-877-798-3752.  Tesla's number for this recall is SB-21-31-003.","Owners may also contact the National Highway Traffic Safety Administration Vehicle Safety Hotline at 1-888-327-4236 (TTY 1-800-424-9153), or go to www.nhtsa.gov.",2019,TESLA,MODEL 3,MODEL 3,2019,
"Tesla, Inc.",21V387000,False,False,False,25/05/2021,"SERVICE BRAKES, HYDRAULIC:FOUNDATION COMPONENTS:DISC:CALIPER","Tesla, Inc. (Tesla) is recalling certain 2019-2021 Model 3 and 2020-2021 Model Y vehicles.  The brake caliper bolts may be loose, allowing the brake caliper to separate and contact the wheel rim.","Contact with the rim may cause a loss of tire pressure, increasing the risk of a crash.","Tesla Service will inspect and tighten, or replace the caliper bolts as necessary, free of charge.  Owner notification letters were mailed July 23, 2021.  Owners may contact Tesla customer service online by visiting www.tesla.com/support/contact or by calling 1-877-79-TESLA (or 1-877-798-3752).  Tesla's number for this recall is SB-21-33-002.","Owners may also contact the National Highway Traffic Safety Administration Vehicle Safety Hotline at 1-888-327-4236 (TTY 1-800-424-9153), or go to www.safercar.gov.",2019,TESLA,MODEL 3,MODEL 3,2019,
"Tesla, Inc.",19V719000,False,False,False,10/10/2019,EQUIPMENT:OTHER:LABELS,"Tesla Motors, Inc. (Tesla) is recalling certain 2019 Tesla Model 3 vehicles. The driver-side sun visor may not have the required air bag warning information.  As such, these vehicles fail to comply with the requirements of Federal Motor Vehicle Safety Standard (FMVSS) number 208, ""Occupant Crash Protection.""",Failure to provide the air bag warning information increases the risk of injury.,"Tesla will notify owners, and Tesla Service Centers will inspect the visor and replace it, as necessary, free of charge.  The recall began December 6, 2019.  Owners may contact Tesla customer service at 1-877-798-3752.  Tesla's number for this recall is SB-19-15-003.","Owners may also contact the National Highway Traffic Safety Administration Vehicle Safety Hotline at 1-888-327-4236 (TTY 1-800-424-9153), or go to www.safercar.gov.",2019,TESLA,MODEL 3,MODEL 3,2019,
"Tesla, Inc.",21V834000,False,False,False,25/10/2021,AIR BAGS:SIDE/WINDOW:CURTAIN,"Tesla, Inc. (Tesla) is recalling certain 2020-2021, 2023 Model 3 vehicles.  The left and/or right side curtain air bag may have been improperly secured to the roof rail, which could result in a twisted air bag.  As such, these vehicles fail to comply with the requirements of Federal Motor Vehicle Safety Standard numbers 214, ""Side Impact Protection"" and 226, ""Ejection Mitigation.""","A twisted side curtain air bag may improperly deploy, increasing the risk of injury or occupant ejection during a crash.","Tesla Service will inspect and realign the left and right side curtain air bag as necessary, free of charge.  Owner notification letters were mailed December 23, 2021.  Owners may contact Tesla customer service at 1-877-798-3752.  Tesla's number for this recall is SB-21-20-006.","Owners may also contact the National Highway Traffic Safety Administration Vehicle Safety Hotline at 1-888-327-4236 (TTY 1-800-424-9153), or go to www.nhtsa.gov.",2020,TESLA,MODEL 3,MODEL 3,2020,
"Tesla, Inc.",21V912000,False,False,False,21/11/2021,SUSPENSION,"Tesla, Inc. (Tesla) is recalling certain 2020-2022 Model Y vehicles.  The front and rear suspension knuckles may fracture, causing the suspension links to separate.","Suspension links that separate can reduce vehicle stability and control, increasing the risk of a crash.","Tesla Service will inspect and replace the knuckles as necessary, free of charge.  Owner notification letters were mailed January 18, 2022.  Owners may contact Tesla customer service at 1-877-798-3752.  Tesla's number for this recall is SB-21-31-004.","Owners may also contact the National Highway Traffic Safety Administration Vehicle Safety Hotline at 1-888-327-4236 (TTY 1-800-424-9153), or go to www.nhtsa.gov.",2020,TESLA,MODEL Y,MODEL Y,2020,
"Tesla, Inc.",20V609000,False,False,True,30/09/2020,EXTERIOR LIGHTING,"Tesla, Inc. (Tesla) is recalling certain 2020 Model Y vehicles equipped with a global rear lamp and tow package configuration.  A software error prevents the illumination of trailer brake lights.  As such, these vehicles fail to comply with the requirements of Federal Motor Vehicle Safety Standard number 108, ""Lamps, Reflective Devices, and Associated Equipment.""",Trailer brake lights that fail to illuminate during braking increase the risk of a crash.,"Tesla will notify owners, and has released the firmware update over-the-air (OTA) to vehicles as of September 23, 2020.  Owners may contact Tesla customer service at 1-877-798-3752.  Tesla's number for this recall is SB-20-00-002.","Owners may also contact the National Highway Traffic Safety Administration Vehicle Safety Hotline at 1-888-327-4236 (TTY 1-800-424-9153), or go to www.safercar.gov.",2020,TESLA,MODEL Y,MODEL Y,2020,
"Tesla, Inc.",21V388000,False,False,False,25/05/2021,SEAT BELTS:REAR/OTHER:RETRACTOR,"Tesla, Inc. (Tesla) is recalling certain 2019-2021 Model Y vehicles.  One or both fasteners that secure the left and right second row seat belt retractors may not be properly attached.","Improperly attached fasteners may prevent the seat belt retention system from performing as designed, increasing the risk of injury.","Tesla Service will inspect and replace both fasteners if necessary, free of charge.  Owner notification letters were mailed July 23, 2021.  Owners may contact Tesla customer service online by visiting www.tesla.com/support/contact or by calling 1-877-79-TESLA (or 1-877-798-3752).  Tesla's number for this recall is SB-21-20-002.","Owners may also contact the National Highway Traffic Safety Administration Vehicle Safety Hotline at 1-888-327-4236 (TTY 1-800-424-9153), or go to www.safercar.gov.",2020,TESLA,MODEL Y,MODEL Y,2020,
"Tesla, Inc.",20V709000,False,False,False,17/11/2020,SUSPENSION:FRONT:CONTROL ARM,"Tesla, Inc. (Tesla) is recalling certain 2020 Model Y vehicles.  The bolts connecting the front upper control arm and steering knuckle may have not been properly tightened, allowing the upper control arm to detach from the steering knuckle.","A detached upper control arm can cause the wheels to lean in or out, decreasing the driver's ability to steer and increasing the risk of a crash.","Tesla will notify owners, and dealers will inspect, and as necessary, tighten the bolts, free of charge.  The recall began January 15, 2021.  Owners may contact Tesla customer service at 1-877-798-3752.  Tesla's number for this recall is SB-20-31-012.","Owners may also contact the National Highway Traffic Safety Administration Vehicle Safety Hotline at 1-888-327-4236 (TTY 1-800-424-9153), or go to www.safercar.gov.",2020,TESLA,MODEL Y,MODEL Y,2020,
"Tesla, Inc.",22V050000,False,False,True,02/02/2022,ELECTRICAL SYSTEM:SOFTWARE,"Tesla, Inc. (Tesla) is recalling certain 2021-2022 Model 3, Model S, Model X, and 2020-2022 Model Y vehicles.  A software error may cause a valve in the heat pump to open unintentionally and trap the refrigerant inside the evaporator, resulting in decreased defrosting performance.  As such, these vehicles fail to comply with the requirements of Federal Motor Vehicle Safety Standard number 103, ""Windshield Defrosting and Defogging Systems.""","Decreased defrosting performance may reduce the driver's visibility, increasing the risk of a crash.","Tesla will perform an over-the-air (OTA) software update, free of charge.  Owner notification letters were mailed April 1, 2022.  Owners may contact Tesla customer service at 1-877-798-3752.  Tesla's number for this recall is SB-22-18-002.","Owners may also contact the National Highway Traffic Safety Administration Vehicle Safety Hotline at 1-888-327-4236 (TTY 1-800-424-9153), or go to www.nhtsa.gov.",2020,TESLA,MODEL Y,MODEL Y,2020,
"Tesla, Inc.",22V844000,False,False,True,15/11/2022,EXTERIOR LIGHTING:TAIL LIGHTS,"Tesla, Inc. (Tesla) is recalling certain 2023 Model 3 and 2020-2023 Model Y vehicles.  One or both taillights may intermittently fail to illuminate.","A taillight that fails to illuminate may reduce the visibility of the vehicle, increasing the risk of a crash.","Tesla has released an over-the-air (OTA) software update, free of charge.  Owner notification letters were mailed January 14, 2023.  Owners may contact Tesla customer service at 1-877-798-3752.  Tesla's number for this recall is SB-22-00-016.","Owners may also contact the National Highway Traffic Safety Administration Vehicle Safety Hotline at 1-888-327-4236 (TTY 1-800-424-9153), or go to www.nhtsa.gov.",2020,TESLA,MODEL Y,MODEL Y,2020,
"Tesla, Inc.",24V554000,False,False,True,24/07/2024,LATCHES/LOCKS/LINKAGES:HOOD:LATCH,"Tesla, Inc. (Tesla) is recalling certain 2021-2024 Model 3, Model S, Model X, and 2020-2024 Model Y vehicles.  The hood latch assembly may fail to detect an unlatched hood condition after the hood has been opened.","An unlatched hood can fully open, obstructing the driver's view and increasing the risk of a crash.","Tesla has released an over-the-air (OTA) software update, free of charge.  Owner notification letters were mailed September 24, 2024.  Owners may contact Tesla customer service at 1-877-798-3752.  Tesla's number for this recall is SB-24-00-012.","Owners may also contact the National Highway Traffic Safety Administration Vehicle Safety Hotline at 1-888-327-4236 (TTY 1-800-424-9153), or go to www.nhtsa.gov.",2020,TESLA,MODEL Y,MODEL Y,2020,
"Tesla, Inc.",22V317000,False,False,False,09/05/2022,FORWARD COLLISION AVOIDANCE: AUTOMATIC EMERGENCY BRAKING,"Tesla, Inc. (Tesla) is recalling certain 2020-2021 Model 3 and 2021 Model Y vehicles.  The fisheye and narrow camera cable terminals were incorrectly installed in the cable harness connector, resulting in swapped camera views.","Swapped camera views can prevent the vehicle's cameras from detecting crossing objects and high-curvature lane lines, impairing the Autosteer and Automatic Emergency Braking (AEB) performance, and increasing the risk of a crash.","Tesla Service will correct the swapped terminals and recalibrate the cameras, free of charge.  Owner notification letters were mailed July 8, 2022.  Owners may contact Tesla customer service at 1-877-798-3752.  Tesla's number for this recall is SB-22-17-007.","Owners may also contact the National Highway Traffic Safety Administration Vehicle Safety Hotline at 1-888-327-4236 (TTY 1-800-424-9153), or go to www.nhtsa.gov.",2021,TESLA,MODEL 3,MODEL 3,2021,
"Tesla, Inc.",21V868000,False,False,False,09/11/2021,AIR BAGS,"Tesla, Inc. (Tesla) is recalling certain 2021 Model X and Model S vehicles.  The driver's air bag cushion may tear during deployment.","A torn air bag may not adequately protect an occupant in a crash, increasing their risk of injury.","Tesla Service will replace the driver's air bag, free of charge.  Owner notification letters were mailed January 7, 2022.  Owners may contact Tesla customer service at 1-877-798-3752.  Tesla's number for this recall is SB-21-20-007.","Owners may also contact the National Highway Traffic Safety Administration Vehicle Safety Hotline at 1-888-327-4236 (TTY 1-800-424-9153), or go to www.nhtsa.gov.",2021,TESLA,MODEL S,MODEL S,2021,
"Tesla, Inc.",21V00B000,False,False,False,21/12/2021,LATCHES/LOCKS/LINKAGES:HOOD:LATCH,"Tesla, Inc. (Tesla) is recalling certain 2014-2021 Model S vehicles.  The front trunk latch assembly may be misaligned, preventing the secondary hood latch from engaging.  As such, these vehicles fail to comply with the requirements of Federal Motor Vehicle Safety Standard number 113, ""Hood Latch System.""","If the primary latch is inadvertently released and the secondary latch is not engaged, the hood could open unexpectedly, obstructing the driver's view and increasing the risk of a crash.","Tesla Service will inspect and reposition the latch assembly as necessary, free of charge.  Owner notification letters were mailed February 18, 2022.  Owners may contact Tesla customer service at 1-877-798-3752.  Tesla's number for this recall is SB-21-11-003.","Owners may also contact the National Highway Traffic Safety Administration Vehicle Safety Hotline at 1-888-327-4236 (TTY 1-800-424-9153), or go to www.nhtsa.gov.",2021,TESLA,MODEL S,MODEL S,2021,
"Tesla, Inc.",22V104000,False,False,False,23/02/2022,AIR BAGS:SIDE/WINDOW:CURTAIN:INFLATOR,"Tesla, Inc. (Tesla) is recalling certain 2021-2022 Model S vehicles.  The right or left side curtain air bag inflators may have been assembled incorrectly.","An incorrectly assembled inflator can cause a delayed or improper deployment of the side curtain air bag, increasing the risk of injury during a crash.","Tesla Service Centers will replace the side curtain air bags, free of charge.  Owner notification letters were mailed April 28, 2022.  Owners may contact Tesla customer service at 1-877-798-3752.  Tesla's number for this recall is SB-22-20-001.","Owners may also contact the National Highway Traffic Safety Administration Vehicle Safety Hotline at 1-888-327-4236 (TTY 1-800-424-9153), or go to www.nhtsa.gov.",2021,TESLA,MODEL S,MODEL S,2021,
"Tesla, Inc.",22V296000,False,False,True,03/05/2022,BACK OVER PREVENTION:DISPLAY FUNCTION,"Tesla, Inc. (Tesla) is recalling certain 2021-2022 Model S, Model X, and 2022 Model 3 and Model Y vehicles operating certain firmware releases.  The infotainment central processing unit (CPU) may overheat during the preparation or process of fast-charging, causing the CPU to lag or restart.","A lagging or restarting CPU may prevent the center screen from displaying the rearview camera image, gear selection, windshield visibility control settings, and warning lights, increasing the risk of a crash.","Tesla will perform an over-the-air (OTA) software update that will improve CPU temperature management, free of charge.  Owner notification letters were mailed July 1, 2022.  Owners may contact Tesla customer service at 1-877-798-3752.  Tesla's number for this recall is SB-22-00-009.","Owners may also contact the National Highway Traffic Safety Administration Vehicle Safety Hotline at 1-888-327-4236 (TTY 1-800-424-9153), or go to www.nhtsa.gov.",2021,TESLA,MODEL S,MODEL S,2021,
"Tesla, Inc.",22E092000,,,,01/11/2022,VISIBILITY:REARVIEW MIRRORS/DEVICES:EXTERIOR,"Tesla, Inc. (Tesla) is recalling certain 2021 Model S exterior side rearview mirrors, part numbers: 1622232-00-B and 1622233-00-B.  The driver side exterior rearview mirrors are convex (curved glass) and the passenger side mirrors do not include the ""Objects in Mirror Are Closer Than They Appear"" etched warning.  As such, these mirrors fail to comply with the requirements of Federal Motor Vehicle Safety Standard number 111, ""Rear Visibility.""","When using the incorrect mirrors, the driver may misjudge the distance of other vehicles, increasing the risk of a crash.","Tesla Service will replace the mirrors, free of charge.  Owner notification letters were mailed December 31, 2022.  Owners may contact Tesla customer service at 1-877-798-3752.  Tesla's number for this recall is SB-22-12-002.","Owners may also contact the National Highway Traffic Safety Administration Vehicle Safety Hotline at 1-888-327-4236 (TTY 1-800-424-9153), or go to www.nhtsa.gov.",2021,TESLA,MODEL S,MODEL S,2021,
"Tesla, Inc.",22V818000,False,False,True,01/11/2022,STEERING:ELECTRIC POWER ASSIST SYSTEM,"Tesla, Inc. (Tesla) is recalling certain 2017-2021 Model S and Model X vehicles.  The electronic power assist steering (EPAS) system may experience a loss of power steering assist when driving on rough roads or after hitting a pothole.","A loss of power steering assist can require greater steering effort, especially at low speeds, increasing the risk of a crash.","Tesla has released an over-the-air (OTA) software update to recalibrate the EPAS system, free of charge.  Owner notification letters were mailed December 31, 2022.  Owners may contact Tesla customer service at 1-877-798-3752.  Tesla's number for this recall is SB-22-00-014.","Owners may also contact the National Highway Traffic Safety Administration Vehicle Safety Hotline at 1-888-327-4236 (TTY 1-800-424-9153), or go to www.nhtsa.gov.",2021,TESLA,MODEL S,MODEL S,2021,
"Tesla, Inc.",23V488000,False,False,False,14/07/2023,SEAT BELTS:FRONT,"Tesla, Inc. (Tesla) is recalling certain 2021-2023 Model S and Model X vehicles.  The front-row seat belts may not be connected properly to the pretensioner anchors, which can cause the seat belts to detach.","A detached seat belt may not properly restrain an occupant during a crash, increasing the risk of injury.","Tesla Service will inspect the front-row seat belts and connect the seat belts to pretensioner anchors, or replace the seat belt assemblies, as necessary, free of charge.  Owner notification letters were mailed September 12, 2023.  Owners may contact Tesla customer service at 1-877-798-3752.  Tesla's number for this recall is SB-23-20-004.","Owners may also contact the National Highway Traffic Safety Administration Vehicle Safety Hotline at 1-888-327-4236 (TTY 1-800-424-9153), or go to www.nhtsa.gov.",2021,TESLA,MODEL S,MODEL S,2021,PE23006
"Tesla, Inc.",23V743000,False,False,False,03/11/2023,STEERING: STEERING WHEEL/HANDLE BAR,"Tesla, Inc. (Tesla) is recalling certain 2021-2024 Model S and Model X vehicles.  An incorrect air bag may have been installed when the steering yoke or round steering wheel was replaced with a different style of yoke or steering wheel.","An air bag that is not designed to function with the replacement steering yoke or wheel may deploy incorrectly, increasing the risk of injury during a crash.","Tesla Service will inspect and replace the driver air bag as necessary, free of charge.  Owner notification letters were mailed January 2, 2024.  Owners may contact Tesla customer service at 1-877-798-3752.  Tesla's number for this recall is SB-23-20-005.","Owners may also contact the National Highway Traffic Safety Administration Vehicle Safety Hotline at 1-888-327-4236 (TTY 1-800-424-9153), or go to www.nhtsa.gov.",2021,TESLA,MODEL S,MODEL S,2021,
"Tesla, Inc.",25V172000,False,False,False,19/03/2025,AIR BAGS,"Tesla, Inc. (Tesla) is recalling certain 2021-2024 Model S and 2021-2025 Model X vehicles.  An air bag with the incorrect horn pad may have been installed, preventing the horn from sounding.","An inoperative horn may prevent the driver from alerting other drivers, increasing the risk of a crash.","Tesla service will inspect and install an air bag with the correct horn pad as necessary, free of charge.  Owner notification letters were mailed May 20, 2025.  Owners may contact Tesla customer service at 1-877-798-3752.  Tesla's number for this recall is SB-25-20-001.",Owners may also contact the National Highway Traffic Safety Administration Vehicle Safety Hotline at 888-327-4236 (TTY 888-275-9171) or go to nhtsa.gov.,2021,TESLA,MODEL S,MODEL S,2021,
"Tesla, Inc.",24V967000,False,False,False,24/12/2024,AIR BAGS:FRONTAL:DRIVER SIDE:CUSHION,"Tesla, Inc. (Tesla) is recalling certain 2021-2025 Model S and Model X vehicles.  The driver's air bag could tear during deployment.  As such, these vehicles fail to comply with the requirements of Federal Motor Vehicle Safety Standard (FMVSS) numbers 208, ""Occupant Crash Protection"" and 212, ""Windshield Mounting.""","A torn air bag may not adequately protect an occupant in a crash, increasing the risk of injury.","Tesla service will replace the air bag assembly, free of charge.  Owner notification letters were mailed February 21, 2025.  Owners may contact Tesla customer service at 1-877-798-3752.  Tesla's number for this recall is SB-24-20-001.",Owners may also contact the National Highway Traffic Safety Administration Vehicle Safety Hotline at 1-888-327-4236 (TTY 1-800-424-9153) or go to nhtsa.gov.,2021,TESLA,MODEL S,MODEL S,2021,
"Tesla, Inc.",22V526000,False,False,False,21/07/2022,AIR BAGS:FRONTAL,"Tesla, Inc. (Tesla) is recalling certain 2022 Model S vehicles.  The front bumper carrier structure may alter the vehicle's crash detection, causing the front passenger air bag to deploy incorrectly during certain low speed crashes.  As such, these vehicles fail to comply with the requirements of Federal Motor Vehicle Safety Standard number 208, ""Occupant Crash Protection.""",A passenger air bag that does not deploy as intended increases the risk of injury.,"Tesla Service will replace the front bumper carrier structure, free of charge.  Owner notification letters were mailed September 19, 2022.  Owners may contact Tesla customer service at 1-877-798-3752.  Tesla's number for this recall is SB-22-10-006.","Owners may also contact the National Highway Traffic Safety Administration Vehicle Safety Hotline at 1-888-327-4236 (TTY 1-800-424-9153), or go to www.nhtsa.gov.",2022,TESLA,MODEL S,MODEL S,2022,
"Tesla, Inc.",23V862000,False,False,True,19/12/2023,LATCHES/LOCKS/LINKAGES:DOORS:LATCH,"Tesla, Inc. (Tesla) is recalling certain 2021-2023 Model S and X vehicles.  The cabin doors can be unlocked during a crash.  As such, these vehicles fail to comply with the requirements of Federal Motor Vehicle Safety Standard number 214, ""Side Impact Protection.""","An unlocked door may unlatch and open during a crash, increasing the risk of injury.","Tesla has released an over-the-air (OTA) software update, free of charge.  Owner notification letters were mailed February 17, 2024.  Owners may contact Tesla customer service at 1-877-798-3752.  Tesla's number for this recall is SB-23-00-009.","Owners may also contact the National Highway Traffic Safety Administration Vehicle Safety Hotline at 1-888-327-4236 (TTY 1-800-424-9153), or go to www.nhtsa.gov.",2022,TESLA,MODEL S,MODEL S,2022,
"Tesla, Inc.",22V233000,False,False,False,08/04/2022,AIR BAGS:SIDE/WINDOW:CURTAIN,"Tesla, Inc. (Tesla) is recalling certain 2021-2022 Model X vehicles.  The left or right front-row side curtain air bags may not deploy as intended when the windows are lowered.  As such, these vehicles fail to comply with the requirements of Federal Motor Vehicle Safety Standard number 226, ""Ejection Mitigation.""",Improper side curtain air bag deployment can increase the risk of injury during a crash.,"Tesla Service Centers will replace the left and right front-row side curtain air bags, free of charge.  Owner notification letters were mailed July 16, 2022.  Owners may contact Tesla customer service at 1-877-798-3752.  Tesla's number for this recall is SB-22-20-003.","Owners may also contact the National Highway Traffic Safety Administration Vehicle Safety Hotline at 1-888-327-4236 (TTY 1-800-424-9153), or go to www.nhtsa.gov.",2022,TESLA,MODEL X,MODEL X,2022,
"Tesla, Inc.",22V264000,False,False,False,18/04/2022,STRUCTURE:BODY,"Tesla, Inc. (Tesla) is recalling one 2022 Model X vehicle.  A body structure reinforcement bracket was not installed at the second-row seat.  As such, this vehicle fails to comply with the requirements of Federal Motor Vehicle Safety Standard numbers 207, ""Seating Systems"" and 210, ""Seat Belt Assembly Anchorages.""","The second-row seat may not properly restrain occupants during a crash, increasing the risk of injury.","Tesla will replace the vehicle, free of charge.  The recall was completed April 28, 2022.  Owners may contact Tesla customer service at 1-877-798-3752.","Owners may also contact the National Highway Traffic Safety Administration Vehicle Safety Hotline at 1-888-327-4236 (TTY 1-800-424-9153), or go to www.nhtsa.gov.",2022,TESLA,MODEL X,MODEL X,2022,
"Tesla, Inc.",22V843000,False,False,True,15/11/2022,AIR BAGS: AIR BAG/RESTRAINT CONTROL MODULE:SOFTWARE,"Tesla, Inc. (Tesla) is recalling certain 2021-2023 Model X vehicles.  The restraint control module (RCM) calibration may cause the front passenger air bag to deploy incorrectly during certain low speed crashes.  As such, these vehicles fail to comply with the requirements of Federal Motor Vehicle Safety Standard number 208, ""Occupant Crash Protection.""",A passenger air bag that does not deploy as intended increases the risk of injury during a crash.,"Tesla has released an over-the-air (OTA) software update to recalibrate the RCM, free of charge.  Owner notification letters were mailed January 14, 2023.  Owners may contact Tesla customer service at 1-877-798-3752.  Tesla's number for this recall is SB-22-00-015.","Owners may also contact the National Highway Traffic Safety Administration Vehicle Safety Hotline at 1-888-327-4236 (TTY 1-800-424-9153), or go to www.nhtsa.gov.",2022,TESLA,MODEL X,MODEL X,2022,
"Tesla, Inc.",23V679000,False,False,True,11/10/2023,ELECTRICAL SYSTEM,"Tesla, Inc. (Tesla) is recalling certain 2021-2023 Model X vehicles.  The vehicle controller may fail to detect low brake fluid and will not display a warning light.  As such, these vehicles fail to comply with the requirements of Federal Motor Vehicle Safety Standard number 135, ""Light Vehicle Brake Systems.""","Without a warning light, the vehicle may be driven with low brake fluid, which can reduce braking performance and increase the risk of a crash.","Tesla has released an over-the-air (OTA) software update, free of charge.  Owner notification letters were mailed December 12, 2023.  Owners may contact Tesla customer service at 1-877-798-3752.  Tesla's number for this recall is SB-23-00-005.","Owners may also contact the National Highway Traffic Safety Administration Vehicle Safety Hotline at 1-888-327-4236 (TTY 1-800-424-9153), or go to www.nhtsa.gov.",2022,TESLA,MODEL X,MODEL X,2022,
"Tesla, Inc.",23V434000,False,False,False,19/06/2023,ELECTRICAL SYSTEM:PROPULSION SYSTEM:TRACTION BATTERY,"Tesla, Inc. (Tesla) is recalling certain 2023 Model 3 and Model Y vehicles.  The pyrotechnic battery disconnect may be defective.","A defective battery disconnect may not isolate the vehicle's high voltage battery after a crash or fault detection, increasing the risk of electrical shock and injury.","Tesla Service will replace the pyrotechnic battery disconnect, free of charge.  Owner notification letters were mailed August 18, 2023.  Owners may contact Tesla customer service at 1-877-798-3752.  Tesla's number for this recall is SB-23-16-005.","Owners may also contact the National Highway Traffic Safety Administration Vehicle Safety Hotline at 1-888-327-4236 (TTY 1-800-424-9153), or go to www.nhtsa.gov.",2023,TESLA,MODEL 3,MODEL 3,2023,
"Tesla, Inc.",25V092000,False,False,True,14/02/2025,STEERING:ELECTRIC POWER ASSIST SYSTEM,"Tesla, Inc. (Tesla) is recalling certain 2023 Model 3 and Model Y vehicles operating software prior to 2023.38.4.  The printed circuit board for the electronic power steering assist may experience an overstress condition, causing a loss of power steering assist when the vehicle reaches a stop and then accelerates again.","A loss of power steering assist can require greater steering effort, especially at low speeds, increasing the risk of a crash.","Tesla has released an over-the-air (OTA) software update, free of charge.  Owner notification letters were mailed March 25, 2025.  Owners may contact Tesla customer service at 1-877-798-3752.  Tesla's number for this recall is SB-25-00-004.",Owners may also contact the National Highway Traffic Safety Administration Vehicle Safety Hotline at 1-888-327-4236 (TTY 888-275-9171) or go to nhtsa.gov.,2023,TESLA,MODEL 3,MODEL 3,2023,EA24001
"Tesla, Inc.",24V276000,False,False,False,17/04/2024,VEHICLE SPEED CONTROL:ACCELERATOR PEDAL,"Tesla, Inc. (Tesla) is recalling certain 2024 Cybertruck vehicles.  The accelerator pedal pad may dislodge and cause the pedal to become trapped by the interior trim.","A trapped accelerator pedal can cause the vehicle to accelerate unintentionally, increasing the risk of a crash.","Tesla service will replace or repair the accelerator pedal assembly, free of charge.  Owner notification letters were mailed June 18, 2024.  Owners may contact Tesla customer service at 1-877-798-3752.  Tesla's number for this recall is SB-24-33-003.","Owners may also contact the National Highway Traffic Safety Administration Vehicle Safety Hotline at 1-888-327-4236 (TTY 1-800-424-9153), or go to www.nhtsa.gov.",2024,TESLA,CYBERTRUCK,CYBERTRUCK,2024,
"Tesla, Inc.",24V457000,False,False,False,19/06/2024,STRUCTURE:BODY,"Tesla, Inc. (Tesla) is recalling certain 2024 Cybertruck vehicles.  The trunk bed trim sail applique could have been improperly adhered and can loosen.","A loose applique can detach from the vehicle, creating a road hazard for following motorists and increasing the risk of a crash.","Tesla service will apply adhesion promoter and pressure sensitive tape or replace missing applique as necessary, free of charge.  Owner notification letters were mailed August 18, 2024.  Owners may contact Tesla customer service at 1-877-798-3752.  Tesla's number for this recall is SB-24-12-006.","Owners may also contact the National Highway Traffic Safety Administration Vehicle Safety Hotline at 1-888-327-4236 (TTY 1-800-424-9153), or go to www.nhtsa.gov.",2024,TESLA,CYBERTRUCK,CYBERTRUCK,2024,
"Tesla, Inc.",24V456000,False,False,False,19/06/2024,VISIBILITY:WINDSHIELD WIPER/WASHER:MOTOR,"Tesla, Inc. (Tesla) is recalling certain 2024 Cybertruck vehicles.  Excessive electrical current can cause the front windshield wiper motor controller to fail.","Windshield wiper failure can reduce visibility, increasing the risk of a crash.","Tesla service will replace the wiper motor, free of charge.  Owner notification letters were mailed October 1, 2024.  Owners may contact Tesla customer service at 1-877-798-3752.  Tesla's number for this recall is SB-24-17-006.","Owners may also contact the National Highway Traffic Safety Administration Vehicle Safety Hotline at 1-888-327-4236 (TTY 1-800-424-9153), or go to www.nhtsa.gov.",2024,TESLA,CYBERTRUCK,CYBERTRUCK,2024,
"Tesla, Inc.",24V718000,False,False,True,26/09/2024,BACK OVER PREVENTION:SOFTWARE,"Tesla, Inc. (Tesla) is recalling certain 2024 Cybertruck vehicles.  The rearview camera image may be delayed after shifting into reverse.  As such, these vehicles fail to comply with the requirements of Federal Motor Vehicle Safety Standard (FMVSS) number 111, ""Rear Visibility.""","A delayed rearview image reduces the driver's view of what is behind the vehicle, increasing the risk of a crash.","Tesla released an over-the-air (OTA) software update, free of charge.  Owner notification letters were mailed November 25, 2024.  Owners may contact Tesla customer service at 1-877-798-3752.  Tesla's number for this recall is SB-24-00-016.","Owners may also contact the National Highway Traffic Safety Administration Vehicle Safety Hotline at 1-888-327-4236 (TTY 1-800-424-9153), or go to www.nhtsa.gov.",2024,TESLA,CYBERTRUCK,CYBERTRUCK,2024,
"Tesla, Inc.",24V832000,False,False,False,05/11/2024,ELECTRICAL SYSTEM:PROPULSION SYSTEM:INVERTER,"Tesla, Inc. (Tesla) is recalling certain 2024 Cybertruck vehicles.  A fault in the drive inverter may cause a loss of drive power to the wheels.",A loss of drive power can increase the risk of a crash.,"Tesla service will replace the drive inverter, free of charge.  Owner notification letters were mailed January 4, 2025.  Owners may contact Tesla customer service at 1-877-798-3752.  Tesla's number for this recall is SB-24-40-009.",Owners may also contact the National Highway Traffic Safety Administration Vehicle Safety Hotline at 1-888-327-4236 (TTY 1-800-424-9153) or go to nhtsa.gov.,2024,TESLA,CYBERTRUCK,CYBERTRUCK,2024,
"Tesla, Inc.",25V170000,False,False,False,18/03/2025,STRUCTURE:BODY,"Tesla, Inc. (Tesla) is recalling certain 2024-2025 Cybertruck vehicles.  The light bar can delaminate and detach from the vehicle.","A detached light bar can become a road hazard, increasing the risk of a crash.","Tesla service will replace the cant rail assembly, free of charge.  Owner notification letters were mailed September 19, 2025.  Owners may contact Tesla customer service at 1-877-798-3752.  Tesla's number for this recall is SB-25-10-001.",Owners may also contact the National Highway Traffic Safety Administration Vehicle Safety Hotline at 888-327-4236 (TTY 888-275-9171) or go to nhtsa.gov.,2024,TESLA,CYBERTRUCK,CYBERTRUCK,2024,
"Tesla, Inc.",25V699000,False,False,False,15/10/2025,EXTERIOR LIGHTING,"Tesla, Inc. (Tesla) is recalling certain 2024-2026 Cybertruck vehicles operating software prior to 2025.38.3. The vehicle controller software may cause the front parking lights to be too bright and exceed the maximum light output, adversely affecting the vision of other drivers. As such, these vehicles fail to comply with the requirements of Federal Motor Vehicle Safety Standard (FMVSS) number 108, ""Lamps, Reflective Devices, and Associated Equipment.""","Parking lights that are too bright can reduce visibility of oncoming drivers, increasing the risk of a crash.","Tesla released an over-the-air (OTA) software update, free of charge. Owner notification letters were mailed December 12, 2025. Owners may contact Tesla customer service at 1-877-798-3752. Tesla's number for this recall is SB-25-00-008.",,2024,TESLA,CYBERTRUCK,CYBERTRUCK,2024,
"Tesla, Inc.",25V735000,False,False,False,28/10/2025,EXTERIOR LIGHTING,"Tesla, Inc. (Tesla) is recalling certain 2024 Cybertruck vehicles equipped with a service-installed off-road light bar accessory. An incorrect surface primer may have been used to attach the lightbar to the windshield, causing the light bar to loosen and detach.","A detached light bar may fall, creating a road hazard for other vehicles and increasing the risk of a crash.","Tesla Service will inspect the light bar and install an additional mechanical attachment or replace the light bar using tape to adhere the light bar to the windshield as well as an additional mechanical attachment as necessary, free of charge. Owner notification letters were mailed April 9, 2026. Owners may contact Tesla customer service at 1-877-798-3752. Tesla's number for this recall is SB-25-90-001.",,2024,TESLA,CYBERTRUCK,CYBERTRUCK,2024,
"Tesla, Inc.",26V255000,False,False,False,22/04/2026,WHEELS:LUGS/NUTS/BOLTS/STUDS,"Tesla, Inc. (Tesla) is recalling certain 2024-2026 Cybertruck vehicles equipped with 18-inch steel wheels. The brake rotor stud holes may crack and allow the stud to separate from the wheel hub.","Wheel stud separation can cause a loss of vehicle control, increasing the risk of a crash.","Tesla Service will replace the front and rear brake rotors, hubs, and lug nuts, free of charge. Owner notification letters were mailed June 20, 2026. Owners may contact Tesla customer service at 1-877-798-3752. Tesla's number for this recall is SB-26-33-003.",,2024,TESLA,CYBERTRUCK,CYBERTRUCK,2024,
"Tesla, Inc.",24V284000,False,False,False,19/04/2024,AIR BAGS:SIDE/WINDOW:THORAX,"Tesla, Inc. (Tesla) is recalling one 2024 Model 3 vehicle.  The driver seat side air bag module was assembled without a deflector that directs gas flow during deployment.","Without a deflector, the air bag may deploy improperly, increasing the risk of injury during a crash.","Tesla service replaced the side air bag, free of charge.  The affected vehicle was repaired April 12, 2024.  Owners may contact Tesla customer service at 1-877-798-3752.  Tesla's number for this recall is SB-24-13-001.","Owners may also contact the National Highway Traffic Safety Administration Vehicle Safety Hotline at 1-888-327-4236 (TTY 1-800-424-9153), or go to www.nhtsa.gov.",2024,TESLA,MODEL 3,MODEL 3,2024,
"Tesla, Inc.",25V002000,False,False,False,07/01/2025,BACK OVER PREVENTION:SOFTWARE,"Tesla, Inc. (Tesla) is recalling certain 2024-2025 Model 3, Model S, 2023-2025 Model X, and Model Y vehicles.  The computer circuit board may short, resulting in the loss of the rearview camera image.  As such, these vehicles fail to comply with the requirements of Federal Motor Vehicle Safety Standard (FMVSS) number 111, ""Rear Visibility.""","A rearview camera that does not display an image reduces the driver's rear view, increasing the risk of a crash.","Tesla released an over-the-air (OTA) software update, free of charge. Tesla will also identify any vehicles that experienced a circuit board failure, or stress that may lead to a circuit board failure, and replace the affected computers, free of charge.  Owner notification letters were mailed March 7, 2025.  Owners may contact Tesla customer service at 1-877-798-3752.  Tesla's number for this recall is SB-25-00-001.",Owners may also contact the National Highway Traffic Safety Administration Vehicle Safety Hotline at 1-888-327-4236 (TTY 1-800-424-9153) or go to nhtsa.gov.,2024,TESLA,MODEL 3,MODEL 3,2024,
